"","expression","structure"
"sample21_AAACTCGGTTCGCAAT-1",0.464592801828326,"Retina"
"sample21_AACACACGCTCGCCGC-1",0,"Retina"
"sample21_AACCGCTAAGGGATGC-1",0,"Retina"
"sample21_AACGGACGTACGTATA-1",0,"Retina"
"sample21_AACTCTCAATAGAGCG-1",0,"Retina"
"sample21_AAGATTGGCGGAACGT-1",1.57422904156658,"Retina"
"sample21_AAGGATGAGGGACCTC-1",0,"Retina"
"sample21_AAGGTGATAAACCAGC-1",0,"Retina"
"sample21_AATCTGCGTTGGGACG-1",0,"Retina"
"sample21_AATTCGATTCGAGGAT-1",0,"Retina"
"sample21_ACAAGGATGCTTTAGG-1",0.671755472918524,"Retina"
"sample21_ACCAAGAACGCGTGTC-1",0.724727925535227,"Retina"
"sample21_ACCAGTGCGGGAGACG-1",0,"Retina"
"sample21_ACCCAACGCCCGTGGC-1",0.871555746938999,"Retina"
"sample21_ACCGATGGTAGCATCG-1",0,"Retina"
"sample21_ACGTGCGCCTCGTGCA-1",0,"Retina"
"sample21_ACTCAAGTGCAAGGCT-1",0.938039747316968,"Retina"
"sample21_ACTTATACTTACCCGG-1",0,"Retina"
"sample21_ACTTATTTATGTGCCA-1",1.5115094669724,"Retina"
"sample21_ACTTCCATGCGGGACA-1",0.725222039994352,"Retina"
"sample21_AGAAGGTTGTAGGTCG-1",1.93341494483456,"Retina"
"sample21_AGAGAACCGTCTAGGA-1",0,"Retina"
"sample21_AGAGCGGGCTAATCAT-1",0,"Retina"
"sample21_AGCAACATATCTTATT-1",0,"Retina"
"sample21_AGCCACTCCCGTGCTT-1",0,"Retina"
"sample21_AGCGACATCCCATTCA-1",1.66913217546296,"Retina"
"sample21_AGCGGGTCTGACACTC-1",0,"Retina"
"sample21_AGGCAGATGCGTAAAC-1",0,"Retina"
"sample21_AGGCCTGAGAATCTCG-1",0,"Retina"
"sample21_AGGGTCGATGCGAACT-1",1.40977087421791,"Retina"
"sample21_AGGGTGCTCTCGAGGG-1",0,"Retina"
"sample21_AGGGTTCCCTTTGGTT-1",0,"Retina"
"sample21_AGTAATGTCTTGCCGC-1",0,"Retina"
"sample21_AGTCGACGGTCTCAAG-1",0,"Retina"
"sample21_AGTCGTCGACCACCAA-1",0,"Retina"
"sample21_AGTGATAACCTGCGCG-1",0,"Retina"
"sample21_AGTGATTCAAGCAGGA-1",0,"Retina"
"sample21_AGTGCTTGCACGAATA-1",0,"Retina"
"sample21_AGTGGCGTCTGAAGGT-1",0,"Retina"
"sample21_ATACGTCCACTCCTGT-1",1.10182256429836,"Retina"
"sample21_ATATGTCTCCCTAGCC-1",0,"Retina"
"sample21_ATGACGCCGGCTCTAA-1",0,"Retina"
"sample21_ATGATCGGGAATAGAC-1",0,"Retina"
"sample21_ATGCCATTTGCGACCA-1",0,"Retina"
"sample21_ATGGGCCTCGGCCTCT-1",1.03515443894227,"Retina"
"sample21_ATGTACGATGACGTCG-1",0,"Retina"
"sample21_ATTAATGAACCAGTCG-1",0,"Retina"
"sample21_ATTACTAGCCTCTTGC-1",0,"Retina"
"sample21_ATTCATCGTTGAGGCA-1",0,"Retina"
"sample21_ATTGCCTTTATGTTTG-1",0,"Retina"
"sample21_ATTTGTTCCAGGGCTC-1",0,"Retina"
"sample21_CAACTCCTTGATCCCG-1",1.86879042316491,"Retina"
"sample21_CAAGTGTGGTTGCAAA-1",0,"Retina"
"sample21_CAATGGATCTCTACCA-1",1.27703290414657,"Retina"
"sample21_CACACGCGCTGTCTTA-1",0,"Retina"
"sample21_CACCTTGCGAAACTCG-1",0,"Retina"
"sample21_CACGCGGAACTGTTGC-1",0,"Retina"
"sample21_CACGTTTCGTACACAC-1",0,"Retina"
"sample21_CAGCTCGACAAGTTAA-1",0,"Retina"
"sample21_CAGTGAATAAATGACT-1",0,"Retina"
"sample21_CAGTGTCGGCTGGCCC-1",0,"Retina"
"sample21_CATAACGGACAGTCGT-1",0,"Retina"
"sample21_CATCCTCTCAAAGATC-1",0,"Retina"
"sample21_CATGGCAGGAAGATCG-1",2.41041299135711,"Retina"
"sample21_CATGTAAGAGACATTT-1",0,"Retina"
"sample21_CATTTAGCGGACCATG-1",0,"Retina"
"sample21_CCACAATGTACGTCTT-1",0,"Retina"
"sample21_CCACAGTACCCATCCT-1",0,"Retina"
"sample21_CCCAAACATGCTGCTC-1",0,"Retina"
"sample21_CCCGACCATAGTCCGC-1",1.43095366864225,"Retina"
"sample21_CCGGGACCCGCAGAGA-1",0,"Retina"
"sample21_CCTAGGCGTAGCGATC-1",0,"Retina"
"sample21_CGAGCTGGGCTTTAGG-1",0,"Retina"
"sample21_CGAGTTCTGTCCCACC-1",0,"Retina"
"sample21_CGAGTTTATCGGACTG-1",0,"Retina"
"sample21_CGCCATCCGATTATGA-1",0,"Retina"
"sample21_CGCGCCCGACTTAATA-1",0,"Retina"
"sample21_CGCTTTCTTGCATTCG-1",0,"Retina"
"sample21_CGGCAGGGTCGGGTTG-1",0,"Retina"
"sample21_CGGGAGCTTCAGTGTA-1",1.63476466492222,"Retina"
"sample21_CGGGTGTACCCATTTA-1",0,"Retina"
"sample21_CGTCGCATGTGAGCCA-1",0,"Retina"
"sample21_CGTCGGATAGTGTTGA-1",0,"Retina"
"sample21_CGTCTGGAAGGGCCCG-1",0,"Retina"
"sample21_CGTTAATGTCCCGACG-1",0,"Retina"
"sample21_CGTTCAGACCCGCGAA-1",0.990621175591125,"Retina"
"sample21_CTAAATCCTATTCCGG-1",0.95907025559466,"Retina"
"sample21_CTAGGCGCCCTATCAG-1",0,"Retina"
"sample21_CTAGTAGAAAGGGATT-1",1.3972689272752,"Retina"
"sample21_CTATCGACGAAATACA-1",0,"Retina"
"sample21_CTCAACTAACCCGGAT-1",1.13233780416401,"Retina"
"sample21_CTGGCGCACAGGTCTG-1",0,"Retina"
"sample21_GAAACAGATGACCACC-1",0,"Retina"
"sample21_GAAATCGCGCGCAACT-1",0,"Retina"
"sample21_GAACGTCTCATGGTCG-1",0,"Retina"
"sample21_GAAGGAGTCGAGTGCG-1",0,"Retina"
"sample21_GAAGTCTCCCTAGCGA-1",0,"Retina"
"sample21_GAATAGACGCGACCCA-1",0,"Retina"
"sample21_GACCTTCCACGTCTAC-1",0,"Retina"
"sample21_GACTAGGCCGTTAGGT-1",0,"Retina"
"sample21_GAGCGCGCACGAGTAG-1",0.631586492027215,"Retina"
"sample21_GAGTGTCAACCAGAAA-1",1.17509125848041,"Retina"
"sample21_GATAACTCGCACTGTG-1",0,"Retina"
"sample21_GATTAACCGAAAGCCC-1",0,"Retina"
"sample21_GCACTGCCTACCTTTA-1",0.597440453572552,"Retina"
"sample21_GCCTATAGTGTCAGGG-1",0,"Retina"
"sample21_GCCTCATCTGGAAATA-1",0,"Retina"
"sample21_GCCTTCAGCCCTACCG-1",0,"Retina"
"sample21_GCGTCGAAATGTCGGT-1",0,"Retina"
"sample21_GCGTGGTACTGGGTTA-1",0,"Retina"
"sample21_GCTACTATAGTAGAGT-1",0,"Retina"
"sample21_GCTGTTGCTACCGAAC-1",0,"Retina"
"sample21_GCTTATGAAGCAGGAA-1",0,"Retina"
"sample21_GCTTTCAGAGGAGGTG-1",0,"Retina"
"sample21_GGATGAAGATCGCTGA-1",0,"Retina"
"sample21_GGATGTCCTTACCGCA-1",0,"Retina"
"sample21_GGCCGGCGTCTGCTAT-1",0,"Retina"
"sample21_GGCGCTTCATTCCCTG-1",0,"Retina"
"sample21_GGCGTAGGGAAAGCTG-1",1.24943960219295,"Retina"
"sample21_GGGATTTACCGCACCT-1",0,"Retina"
"sample21_GGTTTCAATCGGTCAG-1",0,"Retina"
"sample21_GTAGCTTCCTCTTGTT-1",0,"Retina"
"sample21_GTATGTGGGTCTAGTT-1",0,"Retina"
"sample21_GTCCTACGAATAGTCT-1",0,"Retina"
"sample21_GTGACCGCACACTACG-1",0,"Retina"
"sample21_GTGACGCAGGTTTCAT-1",0.51758240622887,"Retina"
"sample21_GTGATCCTTGTCATGA-1",0.800213467926335,"Retina"
"sample21_GTTCCAGTCTGACCAT-1",0,"Retina"
"sample21_GTTGGATTGAGAACAC-1",0,"Retina"
"sample21_TAAAGCGTTAGGAGAA-1",0,"Retina"
"sample21_TAATATTGAAATTCGC-1",0,"Retina"
"sample21_TACCTCACGCTTGTAC-1",0,"Retina"
"sample21_TACTCTCCGAACAAAT-1",0,"Retina"
"sample21_TAGACGCCCGTACCGG-1",0,"Retina"
"sample21_TAGCCATTTCAAAGTC-1",0,"Retina"
"sample21_TAGGGAGCTTGGGATG-1",0,"Retina"
"sample21_TATGATCTTCTCTTTA-1",0,"Retina"
"sample21_TATTACCATCCTGCTT-1",0,"Retina"
"sample21_TCCGATGACTGAGCTC-1",1.50930994415174,"Retina"
"sample21_TCCGTTTAGCCTTGAA-1",0,"Retina"
"sample21_TCCTTTAAATCCGCTT-1",0,"Retina"
"sample21_TCGCTTTAAACGTTTG-1",0,"Retina"
"sample21_TCTGAATTCCGTACAA-1",0,"Retina"
"sample21_TCTTACTTATGCCTCT-1",0,"Retina"
"sample21_TCTTCCCATGGGCACA-1",0,"Retina"
"sample21_TGACCAAATCTTAAAC-1",0,"Retina"
"sample21_TGACGATGCACTAGAA-1",0,"Retina"
"sample21_TGAGAGATTTACCACG-1",1.16427952470479,"Retina"
"sample21_TGCAGTTTCCTCCCAT-1",0,"Retina"
"sample21_TGCCACCTGGCGAAAC-1",0,"Retina"
"sample21_TGCTAAGTGTCTATTT-1",0,"Retina"
"sample21_TGCTCGGTGGGTCACC-1",0.358540467418585,"Retina"
"sample21_TGGGCCACAAGAGCGC-1",0,"Retina"
"sample21_TGTATGGCGCAGACAG-1",0,"Retina"
"sample21_TGTGGCAAAGCGTATG-1",0,"Retina"
"sample21_TGTGGCGGGCTTCTGG-1",0,"Retina"
"sample21_TGTTGTCAAGAAGTCT-1",1.18530810272241,"Retina"
"sample21_TTAAACTCGAATTCAT-1",0,"Retina"
"sample21_TTAATTTCAGACGCGG-1",0,"Retina"
"sample21_TTACGGATGGTTCGAG-1",0,"Retina"
"sample21_TTAGTTATTCGTGGCA-1",0,"Retina"
"sample21_TTCATGGCGCAACAGG-1",0,"Retina"
"sample21_TTCTAACCGAAGCTTA-1",0,"Retina"
"sample21_TTGAACGACGTGCTGA-1",0,"Retina"
"sample21_TTGACCAGGAACAACT-1",1.0465876652318,"Retina"
"sample21_TTGGATTGGGTACCAC-1",0,"Retina"
"sample22_AAACGAAGAACATACC-1",0,"Retina"
"sample22_AAACGAGACGGTTGAT-1",2.05102057294429,"Conus"
"sample22_AAACTGCTGGCTCCAA-1",0,"Retina"
"sample22_AAATGGTCAATGTGCC-1",2.56163270669221,"Conus"
"sample22_AACCCTGGTGGAACCA-1",0.935586104968916,"Retina"
"sample22_AACTTTAGCTGCTGAG-1",0,"Retina"
"sample22_AAGTTTACTAATGGCA-1",0,"Retina"
"sample22_AATAAGTCCTCGAGAC-1",0,"Retina"
"sample22_AATATCAAGGTCGGAT-1",0,"Retina"
"sample22_AATCGCCTCAGCGCCA-1",0.58390213631305,"Retina"
"sample22_ACACGGCACTATGCAT-1",0,"Retina"
"sample22_ACATCGTTAACCTAGT-1",0,"Retina"
"sample22_ACCGTTCCCGCTCTGA-1",0,"Retina"
"sample22_ACGCCGCTAGACGACC-1",1.4398572564069,"Retina"
"sample22_ACTCAGACCTGCTTCT-1",0,"Retina"
"sample22_ACTTGCCATATTGTAC-1",0,"Retina"
"sample22_AGACATAGATCCTTCC-1",0,"Retina"
"sample22_AGCTGAAGTAAACCAA-1",0.588320496490934,"Retina"
"sample22_AGGGCAGCGGCGTGGT-1",0,"Retina"
"sample22_AGGGTTCCCTTTGGTT-1",0,"Retina"
"sample22_AGGTACGATATTGCCA-1",0,"Retina"
"sample22_AGTGAGACTTCCAGTA-1",1.82906725798915,"Retina"
"sample22_AGTGATTCAAGCAGGA-1",0.841849492766457,"Retina"
"sample22_AGTTAAGCGGTCCCGG-1",0,"Retina"
"sample22_ATAACGCCGGAGGGTC-1",2.14360348589712,"Conus"
"sample22_ATACGCCGGCGAAACC-1",0,"Retina"
"sample22_ATAGTCTTTGACGTGC-1",0,"Retina"
"sample22_ATCACATTAGAATATC-1",0.397958633513506,"Retina"
"sample22_ATCAGTAGGCAGGGAT-1",0,"Retina"
"sample22_ATGCCGGTTGATGGGA-1",0.39195389165893,"Retina"
"sample22_ATGTGTAGTTTAGTCA-1",0,"Retina"
"sample22_ATTCATATACTGTCCA-1",0,"Retina"
"sample22_ATTGACGTAACTCGGT-1",0.72759254724495,"Retina"
"sample22_ATTTCATTATTTCGCG-1",1.50438858395787,"Retina"
"sample22_CAAACTATTGAGCTTC-1",0,"Retina"
"sample22_CAAATGTCCTTCCGTG-1",0.838929137527694,"Retina"
"sample22_CAACTATATCGAATGC-1",0,"Retina"
"sample22_CAATGGTCGGCCTGGG-1",0,"Retina"
"sample22_CACACGCGCTGTCTTA-1",1.39543857749124,"Retina"
"sample22_CACCCACGAGGCAATT-1",0,"Retina"
"sample22_CACGTTCGTGCTCTAG-1",0,"Retina"
"sample22_CATAATGAGCGGGCGA-1",0,"Retina"
"sample22_CATGCATGGAGACCCT-1",0,"Retina"
"sample22_CATGGGTCGGGTGTGG-1",0,"Retina"
"sample22_CCCAAACATGCTGCTC-1",0,"Retina"
"sample22_CCGAGGGATGTTAGGC-1",0,"Retina"
"sample22_CCGCTATCAGCACCAG-1",0,"Retina"
"sample22_CCGGGCTGCTCCATAC-1",1.31084125860376,"Retina"
"sample22_CCGTAAGTTGGTCCCA-1",1.95219352314506,"Conus"
"sample22_CCGTTACGTTAGAACA-1",0,"Retina"
"sample22_CCTAAAGGCTGACGCT-1",1.48296601152254,"Retina"
"sample22_CCTAGGCGTAGCGATC-1",0,"Retina"
"sample22_CCTGAACGATATATTC-1",0,"Retina"
"sample22_CCTGACCACCGATGGT-1",0.531572910199188,"Retina"
"sample22_CGAAACATAGATGGCA-1",0,"Retina"
"sample22_CGAAGTTGCTCTGTGT-1",1.99678960862072,"Conus"
"sample22_CGAGGGACTGCGGTCG-1",0,"Retina"
"sample22_CGCCCGCTTCCGTACA-1",0.939366664544003,"Retina"
"sample22_CGCCTCCCTCCTCTAT-1",0,"Retina"
"sample22_CGGGAATTTATGTAAA-1",0,"Retina"
"sample22_CGGTCTATCAACCCGT-1",0,"Retina"
"sample22_CGTTGAGCGACCGTCG-1",0,"Retina"
"sample22_CTAAGGGAATGATTGG-1",0,"Retina"
"sample22_CTACCCTAAGGTCATA-1",1.54835022045426,"Retina"
"sample22_CTAGATTTACGACGGC-1",1.52052367814566,"Retina"
"sample22_CTGGGATAAATAATGG-1",0,"Retina"
"sample22_CTTGCCCAGGCTCTAC-1",0,"Retina"
"sample22_CTTGTTGCTGAGTCAA-1",0.858970618297457,"Retina"
"sample22_CTTTAGTGCTATTATT-1",0,"Retina"
"sample22_GAACCATCTGGGAGAC-1",0,"Retina"
"sample22_GACCGTCAGGTCGTGA-1",0,"Retina"
"sample22_GATATGAGACACTAAC-1",0,"Retina"
"sample22_GATCTTGGAGGGCATA-1",0,"Retina"
"sample22_GATGCTGTATTTCATC-1",0,"Retina"
"sample22_GATGTCGGTCAACTGC-1",0,"Retina"
"sample22_GATTGACACTCTGCTC-1",0,"Retina"
"sample22_GCAGCACACAGCCCAG-1",0,"Conus"
"sample22_GCATGAGGGACGCGGC-1",0.855845414593421,"Retina"
"sample22_GCCTATAGTGTCAGGG-1",0,"Retina"
"sample22_GCGATTCTGGAAGCAG-1",1.16564548751512,"Retina"
"sample22_GCTAAGTAGTTTCTCT-1",2.04533395431863,"Conus"
"sample22_GCTCGGAATTTAAAGC-1",0.350464724516586,"Retina"
"sample22_GCTTATGAAGCAGGAA-1",0,"Retina"
"sample22_GGAATAACCTCAAGAA-1",0,"Retina"
"sample22_GGAGGATTGAAAGGAG-1",0,"Retina"
"sample22_GGATCCGGAATATACT-1",1.39703982962797,"Conus"
"sample22_GGATTCCGCTATACCC-1",1.11147583077557,"Retina"
"sample22_GGCATCAACGAGCACG-1",0,"Retina"
"sample22_GGGAGTTAATGAGGCG-1",2.01116624259547,"Conus"
"sample22_GGGTGGTCCAGCCTGT-1",0,"Retina"
"sample22_GGTGAAACCGGGAATG-1",1.22609565110309,"Retina"
"sample22_GTACAGAGGCAAGGGT-1",1.50121901401877,"Retina"
"sample22_GTACGTTTGCCCGTCA-1",1.17817924865194,"Retina"
"sample22_GTAGCGCTGTTGTAGT-1",0,"Retina"
"sample22_GTAGCTTCCTCTTGTT-1",0,"Retina"
"sample22_GTAGGTGATCCGTGTA-1",0.94117393464666,"Retina"
"sample22_GTCAAGCGGACTCGGG-1",1.41611978478483,"Retina"
"sample22_GTCCCAACGTAAAGTA-1",1.76317442783216,"Conus"
"sample22_GTCTTAGTACAGCCGG-1",0,"Retina"
"sample22_GTGAAACGGCGCCACC-1",0,"Retina"
"sample22_GTGAGGACACTTAAGG-1",0,"Retina"
"sample22_GTGATCATAGATCTGC-1",0.700170426466462,"Retina"
"sample22_GTGGAACCTACATGCG-1",0,"Retina"
"sample22_GTGTTACTATGCGTCC-1",1.26417372629486,"Retina"
"sample22_GTTGGATTGAGAACAC-1",0,"Retina"
"sample22_TACGACTGCCTCTTAG-1",0,"Retina"
"sample22_TACGGGATGCTAGCAG-1",1.28979466907279,"Retina"
"sample22_TACTTGTTAGTAGTCC-1",0,"Retina"
"sample22_TAGAATTAAGGGCAAC-1",0,"Retina"
"sample22_TAGACGCCCGTACCGG-1",1.21598205576,"Retina"
"sample22_TAGGCATGTTACGCCA-1",0,"Retina"
"sample22_TATCGATCTATGCATA-1",0,"Retina"
"sample22_TATTCAATTCTAATCC-1",1.72547847217963,"Conus"
"sample22_TATTCCGGCAGTCCTA-1",2.52802252967101,"Retina"
"sample22_TCACCCTCTTAAGATT-1",0,"Retina"
"sample22_TCATGCAGGTTCTCAT-1",0,"Retina"
"sample22_TCCATTGTGACCTCGT-1",0,"Retina"
"sample22_TCCGCGGCAGCATCTG-1",2.579721988963,"Conus"
"sample22_TCCGTTTAGCCTTGAA-1",0,"Retina"
"sample22_TCCTCGGGCTGGGCTT-1",0,"Retina"
"sample22_TCGGACGCCCAGCCCA-1",2.43840737755515,"Conus"
"sample22_TCTGCCAGAAACTGCA-1",0,"Retina"
"sample22_TGAAAGGACCTGACTC-1",3.15939716273044,"Retina"
"sample22_TGAGCTTTAATGACGC-1",0,"Retina"
"sample22_TGCACGAGTCGGCAGC-1",0,"Retina"
"sample22_TGCATATGTCTGTCAC-1",0,"Retina"
"sample22_TGCCATTACTAAAGAA-1",0,"Retina"
"sample22_TGCGTTTGTTGACACT-1",0,"Retina"
"sample22_TGCTATACAAACGGAC-1",1.12418458327894,"Retina"
"sample22_TGGAGCTAAAGTTCCC-1",0,"Retina"
"sample22_TGGCAACTCGCGCGCC-1",0.593932071159468,"Retina"
"sample22_TGGCGGTGTGCGATTG-1",0,"Retina"
"sample22_TGGGTAAGGTTCCCGC-1",1.5322213959964,"Retina"
"sample22_TGTAGGAGAAATTTCC-1",1.25365654374918,"Retina"
"sample22_TTAAGCCGACAACTTC-1",1.45654254661385,"Retina"
"sample22_TTACTCCGGCCGGGAA-1",1.63640613237293,"Conus"
"sample22_TTATAGATGCACATTA-1",0,"Retina"
"sample22_TTATGATCTTAACGAA-1",0.505888189645107,"Retina"
"sample22_TTATGCGTCCCGGTCC-1",1.04688752141043,"Retina"
"sample22_TTCTGCGGGTTAGCGG-1",0,"Retina"
"sample22_TTGAATATGGACTTTC-1",1.90035706071708,"Conus"
"sample22_TTGGAGTCTCCCTTCT-1",0,"Retina"
